,RT_Demand
0,1183.627
1,1085.6926
2,1022.6031
3,987.118
4,970.2794
5,973.00507
6,1001.2341
7,1063.7089
8,1169.8907
9,1286.5388
10,1377.2296
11,1435.7747
12,1472.6449
13,1501.3959
14,1523.9269
15,1546.2369
16,1562.703
17,1580.4022
18,1594.8447
19,1602.5479
20,1567.4614
21,1506.6816
22,1456.1766
23,1377.6241
24,1264.1992
25,1150.27
26,1070.3068
27,1024.3179
28,999.2347
29,993.10986
30,1010.8753
31,1058.3599
32,1157.1304
33,1275.4869
34,1381.0361
35,1459.468
36,1516.7386
37,1560.054
38,1590.3074
39,1608.0746
40,1620.2085
41,1623.5349
42,1630.042
43,1641.93
44,1618.0746
45,1573.6356
46,1538.158
47,1461.5659
48,1347.3436
49,1234.2554
50,1148.8712
51,1094.9248
52,1062.0576
53,1041.7759
54,1036.0659
55,1058.966
56,1135.1483
57,1238.3862
58,1338.4164
59,1413.7158
60,1475.8619
61,1518.5125
62,1548.7347
63,1566.1614
64,1576.0846
65,1587.3727
66,1606.0632
67,1617.8633
68,1590.8643
69,1541.0571
70,1505.4752
71,1429.5625
72,1325.9186
73,1225.2429
74,1149.4862
75,1098.4181
76,1066.1831
77,1048.4148
78,1046.8276
79,1071.9106
80,1136.7596
81,1223.1505
82,1316.3165
83,1398.08
84,1461.6736
85,1507.5645
86,1533.7302
87,1542.436
88,1546.1841
89,1560.4093
90,1592.7034
91,1629.8077
92,1623.3186
93,1587.8807
94,1545.9976
95,1471.9714
96,1365.9979
97,1264.4166
98,1195.9672
99,1153.8173
100,1133.4562
101,1130.7341
102,1152.4235
103,1203.1725
104,1291.8851
105,1399.0657
106,1499.4592
107,1582.7329
108,1645.062
109,1685.2173
110,1710.4701
111,1715.7734
112,1713.729
113,1719.6646
114,1741.3684
115,1773.5016
116,1753.308
117,1704.6779
118,1646.3257
119,1550.1168
120,1412.7913
121,1286.8617
122,1192.8984
123,1130.7876
124,1091.6694
125,1074.9991
126,1089.969
127,1142.8313
128,1247.7346
129,1378.7034
130,1482.0671
131,1547.6881
132,1592.9989
133,1630.3843
134,1654.0795
135,1662.8253
136,1658.931
137,1642.6493
138,1625.1174
139,1623.3066
140,1582.9865
141,1522.0387
142,1471.388
143,1384.1317
144,1272.3434
145,1164.6069
146,1091.7789
147,1050.5591
148,1025.7222
149,1013.1161
150,1026.1122
151,1074.2468
152,1171.2983
153,1279.3333
154,1355.5326
155,1389.4886
156,1404.4271
157,1405.0056
158,1397.1
159,1392.6758
160,1383.5894
161,1382.4807
162,1387.9012
163,1409.4584
164,1397.3727
165,1366.5482
166,1340.2347
167,1275.3363
168,1181.7976
169,1088.0637
170,1022.08966
171,980.3281
172,954.8899
173,944.3025
174,961.1663
175,1016.8801
176,1122.7382
177,1237.6831
178,1320.9537
179,1370.6123
180,1407.5266
181,1432.9993
182,1450.9343
183,1459.195
184,1454.8582
185,1452.4607
186,1463.6295
187,1487.3785
188,1473.0443
189,1436.8278
190,1406.5504
191,1335.7563
192,1228.5632
193,1121.7341
194,1046.2847
195,1003.5426
196,978.4875
197,970.7935
198,991.99756
199,1047.8918
200,1154.4741
201,1267.1038
202,1350.9392
203,1396.3574
204,1421.0955
205,1432.2798
206,1437.8206
207,1435.2279
208,1423.2191
209,1409.626
210,1416.2583
211,1428.2722
212,1405.3428
213,1367.9185
214,1344.6534
215,1278.554
216,1178.2976
217,1078.3942
218,1011.0483
219,972.88257
220,947.80005
221,932.192
222,934.3852
223,964.63794
224,1037.6079
225,1129.8925
226,1212.5237
227,1275.2559
228,1319.8889
229,1334.9552
230,1337.6776
231,1329.84
232,1316.7456
233,1315.726
234,1337.126
235,1371.2737
236,1369.7332
237,1344.028
238,1324.4067
239,1269.7914
240,1179.5657
241,1087.7108
242,1027.1158
243,988.82837
244,966.3323
245,955.6965
246,957.7648
247,982.9658
248,1045.2837
249,1136.8925
250,1240.978
251,1336.3864
252,1417.0941
253,1483.3538
254,1530.2819
255,1560.6018
256,1584.6896
257,1625.2216
258,1679.8381
259,1733.2888
260,1735.4598
261,1700.9915
262,1665.7386
263,1578.667
264,1455.0428
265,1340.5217
266,1258.3105
267,1208.9606
268,1180.8943
269,1176.0856
270,1203.3676
271,1262.1104
272,1363.287
273,1487.78
274,1601.2021
275,1698.412
276,1781.7734
277,1835.5743
278,1867.4508
279,1872.2039
280,1864.0579
281,1857.9451
282,1870.5538
283,1889.1351
284,1857.4626
285,1800.4565
286,1749.4459
287,1652.9451
288,1521.8942
289,1406.4812
290,1320.297
291,1264.13
292,1228.3706
293,1212.4998
294,1230.632
295,1288.5487
296,1399.0182
297,1525.9368
298,1629.2394
299,1699.3881
300,1761.8932
301,1807.0403
302,1843.3561
303,1867.9471
304,1874.9927
305,1868.0781
306,1850.6542
307,1844.0844
308,1806.4064
309,1748.3438
310,1698.8516
311,1597.1345
312,1462.9952
313,1332.4974
314,1242.8394
315,1180.9023
316,1142.2184
317,1123.7249
318,1137.7617
319,1187.8667
320,1289.3538
321,1404.4147
322,1498.207
323,1566.1448
324,1616.1948
325,1647.252
326,1665.4747
327,1676.2953
328,1676.4807
329,1679.5762
330,1695.5856
331,1714.7216
332,1692.8647
333,1643.6982
334,1594.7682
335,1503.2183
336,1373.7544
337,1247.7844
338,1157.7522
339,1097.0682
340,1060.1505
341,1045.454
342,1064.3475
343,1123.8212
344,1226.6198
345,1338.9875
346,1418.3688
347,1471.9534
348,1505.8931
349,1524.7208
350,1537.3058
351,1537.957
352,1523.8999
353,1515.1744
354,1516.5917
355,1526.2704
356,1500.906
357,1461.4983
358,1440.8475
359,1369.4458
360,1257.4584
361,1151.644
362,1079.857
363,1038.244
364,1011.7167
365,998.4403
366,1016.7875
367,1065.7133
368,1168.216
369,1280.3195
370,1372.7439
371,1439.9425
372,1487.2938
373,1526.766
374,1558.6729
375,1579.4844
376,1591.1825
377,1600.289
378,1613.5308
379,1624.4609
380,1599.9436
381,1557.7662
382,1529.7864
383,1460.522
384,1351.7517
385,1244.0983
386,1170.198
387,1127.6316
388,1100.7272
389,1085.235
390,1086.694
391,1112.964
392,1189.5746
393,1295.7655
394,1401.716
395,1486.8794
396,1543.5535
397,1573.3241
398,1585.9951
399,1594.5159
400,1605.3439
401,1628.5111
402,1660.6742
403,1690.8016
404,1683.3353
405,1646.2471
406,1615.2173
407,1540.8922
408,1425.273
409,1310.198
410,1222.8783
411,1162.6052
412,1120.505
413,1092.059
414,1079.1232
415,1093.5011
416,1157.3502
417,1257.1488
418,1371.7706
419,1475.9338
420,1556.0585
421,1613.3877
422,1650.4038
423,1665.815
424,1675.0725
425,1694.5293
426,1726.2921
427,1760.1145
428,1746.3994
429,1705.418
430,1667.9619
431,1579.7028
432,1452.5535
433,1330.0875
434,1243.614
435,1192.1857
436,1158.1796
437,1150.6785
438,1172.284
439,1221.4999
440,1316.2731
441,1434.3844
442,1551.2852
443,1651.3435
444,1729.7936
445,1785.183
446,1818.1085
447,1832.531
448,1832.9928
449,1841.247
450,1861.9578
451,1892.786
452,1875.6494
453,1835.0145
454,1785.7324
455,1683.2828
456,1547.179
457,1430.163
458,1348.9364
459,1297.9691
460,1266.7388
461,1255.344
462,1275.3246
463,1338.4869
464,1458.5846
465,1589.7471
466,1701.2733
467,1784.8021
468,1843.338
469,1881.6753
470,1907.988
471,1925.1106
472,1929.0776
473,1920.3676
474,1903.8446
475,1896.7925
476,1857.9546
477,1804.4626
478,1751.3359
479,1649.2175
480,1525.1765
481,1406.9568
482,1315.4536
483,1259.7902
484,1227.347
485,1210.2659
486,1226.8624
487,1285.8047
488,1404.874
489,1542.8364
490,1665.0168
491,1750.491
492,1808.588
493,1844.343
494,1860.332
495,1869.0892
496,1867.4728
497,1863.5023
498,1866.2704
499,1881.4656
500,1852.5688
501,1797.598
502,1744.665
503,1641.1909
504,1504.8835
505,1371.8156
506,1273.5901
507,1209.0941
508,1167.8032
509,1144.9391
510,1155.1003
511,1205.3092
512,1307.6713
513,1436.6725
514,1547.776
515,1622.6272
516,1679.6185
517,1724.6417
518,1761.1953
519,1787.1326
520,1797.6327
521,1799.7355
522,1809.3228
523,1814.7499
524,1781.6189
525,1725.0199
526,1682.5483
527,1590.4961
528,1464.5422
529,1346.1251
530,1258.404
531,1206.8276
532,1178.0835
533,1164.6367
534,1178.0339
535,1227.0194
536,1331.4941
537,1454.5739
538,1558.2308
539,1620.1663
540,1663.2391
541,1694.2891
542,1720.3015
543,1734.9099
544,1738.0536
545,1732.4644
546,1732.6202
547,1729.6061
548,1685.375
549,1627.355
550,1586.2634
551,1498.7302
552,1374.9897
553,1252.5615
554,1166.5157
555,1116.2493
556,1085.3727
557,1063.4885
558,1061.5372
559,1085.4813
560,1165.3098
561,1277.3278
562,1383.0182
563,1462.2094
564,1521.8942
565,1556.6012
566,1577.973
567,1589.0275
568,1595.257
569,1609.7262
570,1639.2512
571,1671.3618
572,1660.7548
573,1623.035
574,1589.8833
575,1505.5148
576,1386.4613
577,1270.1075
578,1185.4083
579,1133.0311
580,1090.5066
581,1062.4668
582,1053.2299
583,1072.406
584,1140.1356
585,1250.9235
586,1367.934
587,1461.6046
588,1530.5787
589,1581.3389
590,1612.069
591,1623.2843
592,1633.543
593,1654.6442
594,1690.6619
595,1728.9468
596,1721.641
597,1679.4968
598,1632.4803
599,1550.0656
600,1434.0453
601,1324.6532
602,1241.1019
603,1186.4762
604,1160.3615
605,1154.1829
606,1176.7927
607,1233.0944
608,1333.9778
609,1458.8246
610,1578.219
611,1673.809
612,1750.131
613,1809.2511
614,1850.175
615,1865.8778
616,1857.4287
617,1842.9985
618,1838.0515
619,1839.0039
620,1796.9073
621,1735.0907
622,1681.8224
623,1583.0397
624,1455.0254
625,1348.8163
626,1274.3251
627,1233.1621
628,1208.8386
629,1204.3094
630,1228.0746
631,1298.1458
632,1422.1107
633,1565.0387
634,1682.9458
635,1762.1511
636,1809.7704
637,1837.6848
638,1846.7155
639,1849.5804
640,1843.4855
641,1839.49
642,1841.9193
643,1848.7906
644,1810.9658
645,1746.6122
646,1690.3674
647,1583.0336
648,1441.0442
649,1309.8866
650,1209.0358
651,1152.2748
652,1117.8488
653,1101.3566
654,1120.254
655,1180.8956
656,1285.4514
657,1399.4742
658,1490.9409
659,1550.8445
660,1591.3492
661,1617.3665
662,1630.8918
663,1628.7285
664,1614.2308
665,1600.9785
666,1601.5686
667,1615.2424
668,1593.1929
669,1539.0378
670,1476.0592
671,1365.8063
672,1238.4253
673,1130.2368
674,1065.2274
675,1033.3789
676,1017.2258
677,1017.18964
678,1041.4944
679,1102.1177
680,1213.2076
681,1343.2881
682,1452.4625
683,1527.2158
684,1579.1545
685,1630.0254
686,1669.6997
687,1697.5345
688,1710.0328
689,1717.8759
690,1732.9144
691,1754.5148
692,1734.2559
693,1688.4762
694,1645.6304
695,1549.6371
696,1415.8701
697,1286.1052
698,1192.0991
699,1134.9808
700,1092.5922
701,1064.374
702,1069.2396
703,1112.0499
704,1214.6663
705,1342.5062
706,1448.4275
707,1514.577
708,1551.2961
709,1576.3994
710,1587.855
711,1595.8871
712,1596.4371
713,1604.5645
714,1620.6567
715,1638.662
716,1615.6864
717,1567.9358
718,1529.0216
719,1442.3347
720,1318.1234
721,1201.4764
722,1120.0487
723,1076.4777
724,1046.7601
725,1029.6993
726,1030.2151
727,1059.047
728,1137.233
729,1244.4044
730,1345.539
731,1424.0724
732,1475.8984
733,1508.7238
734,1526.6157
735,1535.0027
736,1539.1117
737,1543.9086
738,1562.4232
739,1585.1377
740,1558.8236
741,1507.6903
742,1467.8953
743,1385.1627
744,1269.2843
745,1158.3143
746,1080.2698
747,1031.1805
748,999.88995
749,983.05035
750,980.8374
751,1006.1817
752,1071.7747
753,1172.7045
754,1282.0585
755,1376.3293
756,1445.6
757,1492.2651
758,1519.7289
759,1536.6984
760,1553.0342
761,1585.0278
762,1633.0038
763,1681.0728
764,1672.2677
765,1630.0153
766,1595.9492
767,1510.3018
768,1393.4325
769,1288.8274
770,1217.8174
771,1183.7268
772,1163.957
773,1162.9259
774,1191.7122
775,1247.6504
776,1345.7911
777,1464.6487
778,1577.4773
779,1669.8661
780,1742.6786
781,1797.0356
782,1829.7251
783,1838.6798
784,1835.3373
785,1831.213
786,1832.0455
787,1841.9331
788,1800.8185
789,1732.8026
790,1672.5923
791,1562.7162
792,1426.6401
793,1311.9927
794,1232.5997
795,1188.0264
796,1159.5953
797,1151.0432
798,1168.7284
799,1226.8201
800,1333.9114
801,1455.7822
802,1557.4056
803,1637.3126
804,1704.8083
805,1755.4215
806,1785.5061
807,1796.2122
808,1801.7765
809,1809.604
810,1826.2242
811,1846.6945
812,1820.1735
813,1762.0994
814,1707.9628
815,1600.8632
816,1465.847
817,1351.3688
818,1274.7826
819,1229.9731
820,1198.0889
821,1177.7474
822,1188.404
823,1241.153
824,1347.3077
825,1475.3601
826,1592.7821
827,1683.2587
828,1750.978
829,1798.5634
830,1859.5339
831,1854.7812
832,1871.4601
833,1887.0587
834,1897.9114
835,1883.892
836,1838.289
837,1810.1572
838,1766.1516
839,1653.8898
840,1521.7349
841,1402.339
842,1322.2802
843,1271.8628
844,1236.8402
845,1223.1827
846,1244.0197
847,1310.2635
848,1427.8124
849,1565.0446
850,1681.9291
851,1767.6404
852,1833.521
853,1874.8282
854,1895.0029
855,1909.7742
856,1913.0042
857,1911.9635
858,1910.4459
859,1908.9148
860,1872.969
861,1812.5988
862,1758.8337
863,1653.7491
864,1512.966
865,1382.0732
866,1285.9194
867,1225.4191
868,1185.3795
869,1166.3325
870,1174.9791
871,1221.3524
872,1323.4738
873,1448.9263
874,1559.1041
875,1642.4371
876,1697.2874
877,1740.7709
878,1769.9103
879,1784.922
880,1794.452
881,1791.7253
882,1790.6174
883,1790.2382
884,1742.6709
885,1679.6879
886,1625.6042
887,1525.8755
888,1392.3704
889,1273.6439
890,1189.2126
891,1137.9415
892,1099.9286
893,1074.9458
894,1067.9769
895,1094.4532
896,1168.5071
897,1278.3715
898,1378.9686
899,1452.6349
900,1498.2689
901,1523.6732
902,1533.6343
903,1537.8431
904,1551.6063
905,1570.0116
906,1595.8062
907,1617.8358
908,1597.9164
909,1552.2465
910,1516.4437
911,1432.5305
912,1316.9529
913,1206.3583
914,1127.7734
915,1082.2782
916,1048.9553
917,1033.2858
918,1033.3235
919,1061.1976
920,1128.3208
921,1222.0989
922,1319.7228
923,1397.2102
924,1445.3424
925,1468.8993
926,1471.0938
927,1460.4028
928,1454.6741
929,1467.1077
930,1497.5741
931,1534.9502
932,1529.6064
933,1506.3048
934,1482.0447
935,1399.5897
936,1287.2496
937,1187.862
938,1123.2592
939,1084.7507
940,1061.1666
941,1056.4553
942,1078.8663
943,1132.1624
944,1219.4583
945,1331.3424
946,1436.884
947,1523.7946
948,1581.435
949,1613.8746
950,1621.6746
951,1612.0773
952,1592.943
953,1576.563
954,1578.9253
955,1593.3961
956,1566.3398
957,1527.6078
958,1484.4749
959,1383.7343
960,1253.2699
961,1155.0458
962,1092.9692
963,1060.0037
964,1037.7944
965,1030.7544
966,1051.463
967,1111.5787
968,1221.9198
969,1348.4446
970,1453.8916
971,1516.533
972,1545.8866
973,1559.4604
974,1564.6604
975,1569.2289
976,1571.1487
977,1577.1711
978,1586.7186
979,1603.158
980,1584.3162
981,1551.2266
982,1509.3416
983,1401.986
984,1269.4253
985,1158.9852
986,1083.4291
987,1038.4274
988,1012.683
989,1002.6349
990,1019.4155
991,1077.9857
992,1177.0485
993,1286.6019
994,1375.3125
995,1436.8202
996,1476.2397
997,1500.0564
998,1513.5094
999,1529.4503
1000,1532.8904
1001,1534.2688
1002,1545.304
1003,1567.9957
1004,1553.4266
1005,1520.3475
1006,1485.9304
1007,1393.3363
1008,1270.8143
1009,1160.6309
1010,1087.1913
1011,1039.9625
1012,1026.8083
1013,1031.5215
1014,1060.2852
1015,1126.4633
1016,1233.5979
1017,1353.7688
1018,1448.6262
1019,1506.9949
1020,1541.7672
1021,1566.2202
1022,1580.5402
1023,1589.9377
1024,1587.5198
1025,1581.1875
1026,1579.3419
1027,1588.9408
1028,1563.8431
1029,1525.0735
1030,1493.9497
1031,1406.3273
1032,1284.917
1033,1178.4277
1034,1112.6024
1035,1075.5895
1036,1054.8784
1037,1046.6816
1038,1063.4097
1039,1113.1044
1040,1212.6166
1041,1326.2384
1042,1416.0593
1043,1468.8153
1044,1495.1228
1045,1508.3666
1046,1513.5906
1047,1509.106
1048,1493.4476
1049,1482.169
1050,1487.1116
1051,1499.3396
1052,1472.8188
1053,1435.1932
1054,1403.1427
1055,1313.3652
1056,1193.0433
1057,1088.3223
1058,1020.28644
1059,982.2439
1060,957.4003
1061,937.50433
1062,939.85333
1063,974.0975
1064,1054.5138
1065,1156.784
1066,1248.6066
1067,1312.5424
1068,1354.7859
1069,1381.278
1070,1408.724
1071,1436.4364
1072,1455.7938
1073,1475.6349
1074,1510.165
1075,1543.6027
1076,1529.02
1077,1495.0908
1078,1467.2908
1079,1387.1553
1080,1281.3328
1081,1184.2856
1082,1115.016
1083,1074.2733
1084,1048.7291
1085,1033.0734
1086,1030.9764
1087,1054.6345
1088,1113.8439
1089,1203.5223
1090,1302.8761
1091,1378.9038
1092,1428.368
1093,1457.9004
1094,1465.2014
1095,1461.568
1096,1455.5424
1097,1462.9974
1098,1494.5443
1099,1534.2412
1100,1533.8568
1101,1508.4948
1102,1475.2806
1103,1389.3843
1104,1285.9586
1105,1194.0112
1106,1134.5925
1107,1100.4498
1108,1080.1077
1109,1074.9121
1110,1096.5039
1111,1145.6658
1112,1235.1271
1113,1343.1702
1114,1442.201
1115,1519.7151
1116,1570.697
1117,1603.1566
1118,1628.8739
1119,1636.6302
1120,1630.1989
1121,1624.2355
1122,1634.5105
1123,1657.1694
1124,1632.5857
1125,1589.8024
1126,1539.9293
1127,1430.0894
1128,1299.3324
1129,1198.5059
1130,1129.5376
1131,1089.1761
1132,1064.5906
1133,1055.4421
1134,1075.2662
1135,1136.404
1136,1244.8157
1137,1366.4238
1138,1464.8983
1139,1535.4486
1140,1586.0804
1141,1620.3915
1142,1653.136
1143,1678.0034
1144,1680.9751
1145,1673.8595
1146,1671.839
1147,1677.9867
1148,1646.1915
1149,1597.3389
1150,1541.3082
1151,1433.9697
1152,1311.7931
1153,1203.6095
1154,1134.2375
1155,1094.0332
1156,1077.9153
1157,1074.9896
1158,1098.5454
1159,1160.8246
1160,1269.1644
1161,1382.8021
1162,1480.1002
1163,1545.0825
1164,1585.5242
1165,1621.1953
1166,1644.2396
1167,1662.6218
1168,1676.5449
1169,1670.8696
1170,1653.059
1171,1635.6882
1172,1595.3545
1173,1546.0703
1174,1495.6898
1175,1392.696
1176,1301.9108
1177,1174.3217
1178,1088.5627
1179,1037.0597
1180,1002.8821
1181,987.65405
1182,1004.67505
1183,1061.0533
1184,1161.1874
1185,1267.7238
1186,1337.7904
1187,1371.5918
1188,1384.2932
1189,1385.0737
1190,1381.2128
1191,1370.908
1192,1351.7069
1193,1339.9978
1194,1352.1245
1195,1378.132
1196,1369.0442
1197,1348.7904
1198,1323.5916
1199,1242.6458
1200,1134.2253
1201,1038.2113
1202,974.02814
1203,938.5785
1204,917.9682
1205,911.0511
1206,932.5268
1207,985.528
1208,1092.922
1209,1201.9146
1210,1281.4203
1211,1318.6731
1212,1332.5767
1213,1346.1531
1214,1353.4578
1215,1354.962
1216,1343.2926
1217,1329.8223
1218,1337.0833
1219,1351.855
1220,1335.9703
1221,1317.3555
1222,1290.3177
1223,1209.7917
1224,1098.758
1225,999.32336
1226,938.44446
1227,907.0171
1228,889.4479
1229,876.64734
1230,885.62775
1231,927.0385
1232,1011.9969
1233,1118.3044
1234,1207.797
1235,1266.4227
1236,1296.9258
1237,1311.3236
1238,1309.9694
1239,1301.9868
1240,1294.6184
1241,1303.3468
1242,1339.293
1243,1379.4463
1244,1380.1506
1245,1367.9531
1246,1349.8931
1247,1283.7778
1248,1193.0682
1249,1108.3328
1250,1053.2749
1251,1017.4873
1252,993.19
1253,975.9973
1254,971.173
1255,994.16003
1256,1053.5726
1257,1134.9098
1258,1229.7316
1259,1313.6707
1260,1378.4202
1261,1423.9279
1262,1445.5779
1263,1445.3365
1264,1433.1078
1265,1428.9456
1266,1443.3191
1267,1467.1985
1268,1451.4044
1269,1421.0488
1270,1374.9799
1271,1280.5526
1272,1172.886
1273,1082.6316
1274,1027.3353
1275,1001.8745
1276,990.7473
1277,994.35187
1278,1027.4095
1279,1092.2378
1280,1197.0338
1281,1311.5045
1282,1408.9526
1283,1476.8395
1284,1517.9642
1285,1529.6011
1286,1530.8466
1287,1513.7952
1288,1483.9972
1289,1457.965
1290,1455.7687
1291,1471.5392
1292,1456.0955
1293,1434.3317
1294,1396.7421
1295,1305.7812
1296,1191.3334
1297,1097.7987
1298,1034.0382
1299,993.9113
1300,971.3535
1301,965.2455
1302,989.8729
1303,1061.2587
1304,1177.4158
1305,1289.7241
1306,1357.2297
1307,1386.0472
1308,1396.0842
1309,1400.6752
1310,1396.9347
1311,1384.6031
1312,1364.0323
1313,1348.8364
1314,1350.2992
1315,1367.8885
1316,1360.4474
1317,1346.8632
1318,1313.8728
1319,1224.7764
1320,1109.5303
1321,1004.649
1322,937.7197
1323,897.54333
1324,876.2555
1325,876.19714
1326,905.6582
1327,981.5373
1328,1098.7966
1329,1212.7731
1330,1292.3572
1331,1332.3107
1332,1341.6096
1333,1347.3933
1334,1345.809
1335,1342.8777
1336,1332.7651
1337,1333.5073
1338,1352.9822
1339,1384.8395
1340,1380.923
1341,1370.1161
1342,1340.1514
1343,1252.4287
1344,1137.6519
1345,1044.8354
1346,989.11096
1347,958.3649
1348,942.8417
1349,936.04016
1350,958.6964
1351,1027.2958
1352,1142.257
1353,1250.097
1354,1327.0455
1355,1364.259
1356,1377.7885
1357,1388.6577
1358,1393.0336
1359,1396.4423
1360,1385.6361
1361,1376.7019
1362,1389.0483
1363,1417.1202
1364,1418.1974
1365,1406.9097
1366,1369.9708
1367,1279.853
1368,1175.5186
1369,1083.8384
1370,1029.0048
1371,997.7971
1372,980.31696
1373,975.28906
1374,1003.1356
1375,1071.6862
1376,1188.4976
1377,1306.478
1378,1387.1205
1379,1429.0176
1380,1450.0195
1381,1462.5891
1382,1465.1663
1383,1467.0276
1384,1458.6947
1385,1453.6583
1386,1461.7932
1387,1475.8334
1388,1465.6729
1389,1439.8041
1390,1398.107
1391,1304.9027
1392,1193.6122
1393,1096.5339
1394,1031.9323
1395,993.6872
1396,968.56085
1397,950.12427
1398,955.05194
1399,997.21344
1400,1083.0874
1401,1184.027
1402,1267.4982
1403,1323.4579
1404,1365.7396
1405,1390.1792
1406,1396.864
1407,1393.054
1408,1388.5403
1409,1395.8411
1410,1423.1382
1411,1453.5634
1412,1445.0297
1413,1417.7411
1414,1372.157
1415,1283.1654
1416,1177.5958
1417,1083.5228
1418,1021.6346
1419,980.48065
1420,956.77356
1421,947.21027
1422,955.1293
1423,989.8252
1424,1058.4784
1425,1141.1097
1426,1217.6467
1427,1270.1039
1428,1296.171
1429,1300.3411
1430,1293.1602
1431,1282.7118
1432,1273.0042
1433,1281.8945
1434,1318.7838
1435,1369.0852
1436,1374.8909
1437,1363.3054
1438,1328.6276
1439,1241.0807
1440,1136.5215
1441,1049.8298
1442,1000.0042
1443,973.2254
1444,962.6744
1445,968.95764
1446,1008.34906
1447,1077.1571
1448,1174.7031
1449,1275.557
1450,1354.797
1451,1406.9247
1452,1441.3008
1453,1459.1858
1454,1468.3624
1455,1463.0934
1456,1445.162
1457,1435.5393
1458,1447.3185
1459,1471.186
1460,1460.8629
1461,1435.846
1462,1388.5039
1463,1288.307
1464,1172.8224
1465,1082.2255
1466,1024.5807
1467,986.2927
1468,959.80853
1469,952.5762
1470,974.5667
1471,1029.3625
1472,1112.3153
1473,1195.2612
1474,1271.8638
1475,1326.5201
1476,1362.6569
1477,1374.4602
1478,1372.4485
1479,1357.5193
1480,1341.2793
1481,1342.2324
1482,1366.5615
1483,1404.4696
1484,1415.9955
1485,1401.9808
1486,1353.9294
1487,1253.113
1488,1136.6942
1489,1039.7576
1490,979.51575
1491,942.5183
1492,923.4738
1493,919.39386
1494,946.26355
1495,1023.81854
1496,1153.1354
1497,1272.2338
1498,1354.6053
1499,1390.0643
1500,1407.4656
1501,1425.6082
1502,1438.2191
1503,1451.114
1504,1451.9197
1505,1460.6733
1506,1483.6039
1507,1509.4227
1508,1497.8291
1509,1475.5856
1510,1430.2676
1511,1334.0271
1512,1224.3564
1513,1138.0924
1514,1084.1609
1515,1051.4525
1516,1032.8243
1517,1030.6335
1518,1061.7166
1519,1138.945
1520,1265.2963
1521,1373.0741
1522,1447.94
1523,1487.9691
1524,1511.7794
1525,1520.9825
1526,1523.6459
1527,1528.1068
1528,1529.4414
1529,1528.9701
1530,1538.293
1531,1554.8104
1532,1539.6823
1533,1515.0074
1534,1471.1625
1535,1376.4994
1536,1263.066
1537,1167.3483
1538,1111.9237
1539,1081.8933
1540,1059.0803
1541,1053.787
1542,1078.5714
1543,1143.5422
1544,1260.1409
1545,1363.7365
1546,1431.7583
1547,1466.8925
1548,1490.0743
1549,1500.4631
1550,1508.7296
1551,1516.1344
1552,1518.3462
1553,1520.3939
1554,1531.1317
1555,1550.2168
1556,1532.5823
1557,1509.6477
1558,1463.0344
1559,1364.9606
1560,1241.9905
1561,1138.9639
1562,1068.3826
1563,1026.2084
1564,988.3818
1565,962.8736
1566,962.2005
1567,997.89307
1568,1084.6583
1569,1173.7047
1570,1232.9847
1571,1271.5547
1572,1288.2742
1573,1285.4375
1574,1276.2415
1575,1270.8649
1576,1261.8333
1577,1266.4381
1578,1287.3173
1579,1321.4342
1580,1323.6489
1581,1313.2203
1582,1284.426
1583,1203.1075
1584,1104.7761
1585,1026.1201
1586,975.2125
1587,943.39606
1588,923.61285
1589,914.08655
1590,919.5625
1591,950.905
1592,1017.22675
1593,1095.6136
1594,1170.4426
1595,1222.2356
1596,1249.1942
1597,1250.1283
1598,1240.2037
1599,1224.5432
1600,1214.0363
1601,1214.9819
1602,1249.0741
1603,1292.319
1604,1301.3098
1605,1294.4941
1606,1257.8947
1607,1171.2389
1608,1070.5991
1609,988.58624
1610,941.3609
1611,917.35156
1612,902.5099
1613,906.4992
1614,939.4333
1615,1000.6057
1616,1100.1812
1617,1207.327
1618,1299.8318
1619,1364.284
1620,1405.5426
1621,1420.3372
1622,1427.8877
1623,1424.1355
1624,1416.6592
1625,1413.6808
1626,1439.1067
1627,1474.4596
1628,1484.0906
1629,1463.9882
1630,1408.5336
1631,1297.768
1632,1180.3004
1633,1087.335
1634,1033.2249
1635,1000.43677
1636,983.20715
1637,981.4671
1638,1014.5531
1639,1092.089
1640,1222.7827
1641,1341.1282
1642,1416.104
1643,1447.9235
1644,1456.8286
1645,1445.8379
1646,1437.1675
1647,1426.8518
1648,1411.3986
1649,1399.9862
1650,1403.1732
1651,1417.4922
1652,1409.164
1653,1385.241
1654,1330.2189
1655,1221.7802
1656,1108.1248
1657,1012.30273
1658,955.2434
1659,917.39777
1660,898.28186
1661,893.1938
1662,924.35297
1663,1003.06055
1664,1128.5082
1665,1231.9554
1666,1288.4653
1667,1297.9209
1668,1293.0736
1669,1274.739
1670,1260.2935
1671,1249.3292
1672,1236.1508
1673,1235.1548
1674,1251.7979
1675,1291.2513
1676,1315.6807
1677,1324.3611
1678,1295.8004
1679,1210.554
1680,1111.4088
1681,1025.1958
1682,972.22253
1683,937.04504
1684,916.24146
1685,914.12463
1686,949.33215
1687,1031.4869
1688,1160.4653
1689,1274.7568
1690,1340.2588
1691,1354.6177
1692,1358.643
1693,1358.586
1694,1362.497
1695,1363.266
1696,1355.4713
1697,1350.5543
1698,1360.491
1699,1386.3589
1700,1391.4512
1701,1382.4363
1702,1340.5548
1703,1244.3722
1704,1132.2577
1705,1037.0677
1706,977.88824
1707,942.8716
1708,924.6489
1709,919.8738
1710,950.1314
1711,1014.6212
1712,1129.9426
1713,1230.693
1714,1292.2975
1715,1320.2003
1716,1331.4479
1717,1342.8319
1718,1352.8995
1719,1353.0231
1720,1355.2058
1721,1362.0042
1722,1381.8226
1723,1412.6423
1724,1409.4281
1725,1377.0209
1726,1319.9982
1727,1215.8826
1728,1095.6123
1729,995.3086
1730,945.45685
1731,915.18933
1732,899.26
1733,889.347
1734,900.2672
1735,949.03705
1736,1049.5912
1737,1146.7338
1738,1219.4908
1739,1255.0205
1740,1267.3905
1741,1260.891
1742,1240.4769
1743,1220.3445
1744,1204.3651
1745,1200.0052
1746,1223.7006
1747,1267.3983
1748,1285.1616
1749,1284.5433
1750,1254.5643
1751,1179.6298
1752,1093.4508
1753,1015.3311
1754,965.94824
1755,935.7084
1756,914.89685
1757,906.77606
1758,915.9349
1759,956.93427
1760,1040.3229
1761,1130.8676
1762,1204.1599
1763,1244.0443
1764,1258.8562
1765,1252.688
1766,1243.6165
1767,1227.0664
1768,1215.859
1769,1226.2178
1770,1260.6539
1771,1315.3169
1772,1340.9781
1773,1340.2871
1774,1300.576
1775,1212.9698
1776,1114.9663
1777,1034.3734
1778,991.3879
1779,967.69464
1780,961.6018
1781,969.859
1782,1010.28
1783,1086.0693
1784,1198.9454
1785,1306.8246
1786,1383.503
1787,1419.2628
1788,1430.484
1789,1423.1898
1790,1415.5828
1791,1395.9843
1792,1370.0509
1793,1356.8048
1794,1371.3613
1795,1412.6895
1796,1426.3064
1797,1416.0176
1798,1364.7789
1799,1256.7501
1800,1140.6193
1801,1047.159
1802,989.14734
1803,957.5353
1804,941.8895
1805,947.3078
1806,991.4714
1807,1083.7391
1808,1225.8894
1809,1343.7847
1810,1399.3503
1811,1400.8706
1812,1376.9697
1813,1347.8832
1814,1321.8049
1815,1294.6317
1816,1273.7452
1817,1269.2284
1818,1290.2606
1819,1337.7017
1820,1363.8875
1821,1363.8314
1822,1321.3949
1823,1219.2722
1824,1105.3712
1825,1013.84863
1826,959.95447
1827,926.6841
1828,910.5961
1829,907.1073
1830,938.9491
1831,1019.762
1832,1148.1439
1833,1253.9288
1834,1306.1488
1835,1312.6235
1836,1304.5323
1837,1293.3837
1838,1283.1251
1839,1278.8635
1840,1279.0172
1841,1282.613
1842,1309.0387
1843,1358.8022
1844,1383.9506
1845,1374.4192
1846,1321.619
1847,1213.9153
1848,1093.7056
1849,994.84955
1850,941.172
1851,909.4562
1852,889.69684
1853,887.91516
1854,920.9165
1855,1004.5941
1856,1136.2484
1857,1246.1002
1858,1307.0599
1859,1324.4274
1860,1331.12
1861,1330.517
1862,1326.1963
1863,1322.306
1864,1313.3812
1865,1313.6531
1866,1335.4607
1867,1373.6422
1868,1387.5187
1869,1372.5953
1870,1325.6133
1871,1225.0133
1872,1112.0651
1873,1018.6492
1874,965.55975
1875,935.32086
1876,918.0527
1877,918.3959
1878,951.56714
1879,1024.612
1880,1147.6124
1881,1254.868
1882,1313.7769
1883,1327.3491
1884,1330.4318
1885,1330.5225
1886,1333.8921
1887,1332.5535
1888,1327.4795
1889,1330.5049
1890,1351.029
1891,1383.0485
1892,1392.035
1893,1371.2711
1894,1317.0762
1895,1211.9978
1896,1097.8116
1897,1002.01917
1898,942.4376
1899,906.4158
1900,884.15497
1901,873.0617
1902,888.64996
1903,942.08
1904,1039.656
1905,1133.6794
1906,1196.7762
1907,1220.084
1908,1231.5586
1909,1227.9226
1910,1211.718
1911,1196.6597
1912,1185.6189
1913,1189.3029
1914,1222.608
1915,1270.338
1916,1290.8542
1917,1283.5884
1918,1244.9229
1919,1160.1025
1920,1067.4297
1921,988.13654
1922,940.2666
1923,911.2291
1924,891.30066
1925,884.0117
1926,898.645
1927,944.36456
1928,1028.9432
1929,1114.7345
1930,1189.4884
1931,1231.2312
1932,1250.4368
1933,1247.9523
1934,1239.1115
1935,1225.0259
1936,1214.4749
1937,1225.3907
1938,1269.1245
1939,1325.1003
1940,1350.3271
1941,1337.5211
1942,1286.3337
1943,1190.685
1944,1089.6158
1945,1008.5381
1946,963.18744
1947,938.23303
1948,929.28577
1949,938.7012
1950,982.0789
1951,1060.8944
1952,1172.842
1953,1276.314
1954,1354.5516
1955,1402.2173
1956,1426.8662
1957,1434.6586
1958,1444.4088
1959,1447.5616
1960,1439.2659
1961,1434.4104
1962,1455.7539
1963,1495.4323
1964,1502.8704
1965,1471.6462
1966,1399.8663
1967,1279.1019
1968,1156.9591
1969,1072.3474
1970,1022.5884
1971,992.4356
1972,974.91565
1973,973.3219
1974,1009.84674
1975,1094.2482
1976,1227.8276
1977,1341.3247
1978,1409.0361
1979,1439.1361
1980,1451.5409
1981,1446.8817
1982,1439.54
1983,1427.101
1984,1412.2297
1985,1404.2454
1986,1419.3839
1987,1453.1378
1988,1462.3541
1989,1427.9496
1990,1356.962
1991,1239.8903
1992,1123.4124
1993,1030.7389
1994,975.92285
1995,943.4376
1996,925.501
1997,924.8474
1998,959.9193
1999,1036.3505
2000,1158.207
2001,1265.9087
2002,1324.6908
2003,1345.2896
2004,1356.6865
2005,1356.8983
2006,1352.4285
2007,1352.3373
2008,1347.0249
2009,1350.677
2010,1376.608
2011,1417.405
2012,1435.9681
2013,1419.3956
2014,1367.0786
2015,1265.0366
2016,1156.1703
2017,1071.3407
2018,1015.7149
2019,978.8203
2020,960.1436
2021,968.6181
2022,1014.27997
2023,1099.3512
2024,1227.1465
2025,1340.1229
2026,1402.3351
2027,1410.1694
2028,1392.9456
2029,1376.3545
2030,1362.7892
2031,1347.8567
2032,1326.6757
2033,1315.0029
2034,1327.3186
2035,1356.5013
2036,1365.7744
2037,1346.0221
2038,1299.9478
2039,1208.3291
2040,1106.4945
